command	key	type	code	location	functionId	childNum	isCFGNode	operator	baseType	completeType	identifier
ANR	461015	File	/develop/joernDwkProcess/joern-dev/./output/data/CWE119/source-code/119-300-c/testcases/000/235/044/CWE127_Buffer_Underread__malloc_wchar_t_memcpy_13.c								
ANR	461016	Function	CWE127_Buffer_Underread__malloc_wchar_t_memcpy_13_bad	23:0:635:1677							
ANR	461017	FunctionDef	CWE127_Buffer_Underread__malloc_wchar_t_memcpy_13_bad ()		461016	0					
ANR	461018	CompoundStatement		24:0:697:1677	461016	0					
ANR	461019	IdentifierDeclStatement	wchar_t * data ;	25:4:704:718	461016	0	True				
ANR	461020	IdentifierDecl	* data		461016	0					
ANR	461021	IdentifierDeclType	wchar_t *		461016	0					
ANR	461022	Identifier	data		461016	1					
ANR	461023	ExpressionStatement	data = NULL	26:4:725:736	461016	1	True				
ANR	461024	AssignmentExpression	data = NULL		461016	0		=			
ANR	461025	Identifier	data		461016	0					
ANR	461026	Identifier	NULL		461016	1					
ANR	461027	IfStatement	if ( GLOBAL_CONST_FIVE == 5 )		461016	2					
ANR	461028	Condition	GLOBAL_CONST_FIVE == 5	27:7:746:765	461016	0	True				
ANR	461029	EqualityExpression	GLOBAL_CONST_FIVE == 5		461016	0		==			
ANR	461030	Identifier	GLOBAL_CONST_FIVE		461016	0					
ANR	461031	PrimaryExpression	5		461016	1					
ANR	461032	CompoundStatement		5:4:75:75	461016	1					
ANR	461033	CompoundStatement		7:12:101:162	461016	0					
ANR	461034	IdentifierDeclStatement	wchar_t * dataBuffer = ( wchar_t * ) malloc ( 100 * sizeof ( wchar_t ) ) ;	30:12:799:860	461016	0	True				
ANR	461035	IdentifierDecl	* dataBuffer = ( wchar_t * ) malloc ( 100 * sizeof ( wchar_t ) )		461016	0					
ANR	461036	IdentifierDeclType	wchar_t *		461016	0					
ANR	461037	Identifier	dataBuffer		461016	1					
ANR	461038	AssignmentExpression	* dataBuffer = ( wchar_t * ) malloc ( 100 * sizeof ( wchar_t ) )		461016	2		=			
ANR	461039	Identifier	dataBuffer		461016	0					
ANR	461040	CastExpression	( wchar_t * ) malloc ( 100 * sizeof ( wchar_t ) )		461016	1					
ANR	461041	CastTarget	wchar_t *		461016	0					
ANR	461042	CallExpression	malloc ( 100 * sizeof ( wchar_t ) )		461016	1					
ANR	461043	Callee	malloc		461016	0					
ANR	461044	Identifier	malloc		461016	0					
ANR	461045	ArgumentList	100 * sizeof ( wchar_t )		461016	1					
ANR	461046	Argument	100 * sizeof ( wchar_t )		461016	0					
ANR	461047	MultiplicativeExpression	100 * sizeof ( wchar_t )		461016	0		*			
ANR	461048	PrimaryExpression	100		461016	0					
ANR	461049	SizeofExpression	sizeof ( wchar_t )		461016	1					
ANR	461050	Sizeof	sizeof		461016	0					
ANR	461051	SizeofOperand	wchar_t		461016	1					
ANR	461052	IfStatement	if ( dataBuffer == NULL )		461016	1					
ANR	461053	Condition	dataBuffer == NULL	31:16:879:896	461016	0	True				
ANR	461054	EqualityExpression	dataBuffer == NULL		461016	0		==			
ANR	461055	Identifier	dataBuffer		461016	0					
ANR	461056	Identifier	NULL		461016	1					
ANR	461057	CompoundStatement		8:36:201:201	461016	1					
ANR	461058	ExpressionStatement	exit ( - 1 )	31:37:900:908	461016	0	True				
ANR	461059	CallExpression	exit ( - 1 )		461016	0					
ANR	461060	Callee	exit		461016	0					
ANR	461061	Identifier	exit		461016	0					
ANR	461062	ArgumentList	- 1		461016	1					
ANR	461063	Argument	- 1		461016	0					
ANR	461064	UnaryOperationExpression	- 1		461016	0					
ANR	461065	UnaryOperator	-		461016	0					
ANR	461066	PrimaryExpression	1		461016	1					
ANR	461067	Statement	wmemset	32:12:923:929	461016	2	True				
ANR	461068	Statement	(	32:19:930:930	461016	3	True				
ANR	461069	Statement	dataBuffer	32:20:931:940	461016	4	True				
ANR	461070	Statement	","	32:30:941:941	461016	5	True				
ANR	461071	Statement	L	32:32:943:943	461016	6	True				
ANR	461072	Statement	'A'	32:33:944:946	461016	7	True				
ANR	461073	Statement	","	32:36:947:947	461016	8	True				
ANR	461074	Statement	100	32:38:949:951	461016	9	True				
ANR	461075	Statement	-	32:41:952:952	461016	10	True				
ANR	461076	Statement	1	32:42:953:953	461016	11	True				
ANR	461077	Statement	)	32:43:954:954	461016	12	True				
ANR	461078	ExpressionStatement		32:44:955:955	461016	13	True				
ANR	461079	Statement	dataBuffer	33:12:970:979	461016	14	True				
ANR	461080	Statement	[	33:22:980:980	461016	15	True				
ANR	461081	Statement	100	33:23:981:983	461016	16	True				
ANR	461082	Statement	-	33:26:984:984	461016	17	True				
ANR	461083	Statement	1	33:27:985:985	461016	18	True				
ANR	461084	Statement	]	33:28:986:986	461016	19	True				
ANR	461085	Statement	=	33:30:988:988	461016	20	True				
ANR	461086	Statement	L	33:32:990:990	461016	21	True				
ANR	461087	ExpressionStatement	'\\0'	33:33:991:995	461016	22	True				
ANR	461088	PrimaryExpression	'\\0'		461016	0					
ANR	461089	ExpressionStatement	data = dataBuffer - 8	35:12:1090:1111	461016	23	True				
ANR	461090	AssignmentExpression	data = dataBuffer - 8		461016	0		=			
ANR	461091	Identifier	data		461016	0					
ANR	461092	AdditiveExpression	dataBuffer - 8		461016	1		-			
ANR	461093	Identifier	dataBuffer		461016	0					
ANR	461094	PrimaryExpression	8		461016	1					
ANR	461095	CompoundStatement		16:8:449:466	461016	3					
ANR	461096	IdentifierDeclStatement	wchar_t dest [ 100 ] ;	39:8:1147:1164	461016	0	True				
ANR	461097	IdentifierDecl	dest [ 100 ]		461016	0					
ANR	461098	IdentifierDeclType	wchar_t [ 100 ]		461016	0					
ANR	461099	Identifier	dest		461016	1					
ANR	461100	PrimaryExpression	100		461016	2					
ANR	461101	Statement	wmemset	40:8:1175:1181	461016	1	True				
ANR	461102	Statement	(	40:15:1182:1182	461016	2	True				
ANR	461103	Statement	dest	40:16:1183:1186	461016	3	True				
ANR	461104	Statement	","	40:20:1187:1187	461016	4	True				
ANR	461105	Statement	L	40:22:1189:1189	461016	5	True				
ANR	461106	Statement	'C'	40:23:1190:1192	461016	6	True				
ANR	461107	Statement	","	40:26:1193:1193	461016	7	True				
ANR	461108	Statement	100	40:28:1195:1197	461016	8	True				
ANR	461109	Statement	-	40:31:1198:1198	461016	9	True				
ANR	461110	Statement	1	40:32:1199:1199	461016	10	True				
ANR	461111	Statement	)	40:33:1200:1200	461016	11	True				
ANR	461112	ExpressionStatement		40:34:1201:1201	461016	12	True				
ANR	461113	Statement	dest	41:8:1233:1236	461016	13	True				
ANR	461114	Statement	[	41:12:1237:1237	461016	14	True				
ANR	461115	Statement	100	41:13:1238:1240	461016	15	True				
ANR	461116	Statement	-	41:16:1241:1241	461016	16	True				
ANR	461117	Statement	1	41:17:1242:1242	461016	17	True				
ANR	461118	Statement	]	41:18:1243:1243	461016	18	True				
ANR	461119	Statement	=	41:20:1245:1245	461016	19	True				
ANR	461120	Statement	L	41:22:1247:1247	461016	20	True				
ANR	461121	ExpressionStatement	'\\0'	41:23:1248:1252	461016	21	True				
ANR	461122	PrimaryExpression	'\\0'		461016	0					
ANR	461123	ExpressionStatement	"memcpy ( dest , data , 100 * sizeof ( wchar_t ) )"	43:8:1385:1424	461016	22	True				
ANR	461124	CallExpression	"memcpy ( dest , data , 100 * sizeof ( wchar_t ) )"		461016	0					
ANR	461125	Callee	memcpy		461016	0					
ANR	461126	Identifier	memcpy		461016	0					
ANR	461127	ArgumentList	dest		461016	1					
ANR	461128	Argument	dest		461016	0					
ANR	461129	Identifier	dest		461016	0					
ANR	461130	Argument	data		461016	1					
ANR	461131	Identifier	data		461016	0					
ANR	461132	Argument	100 * sizeof ( wchar_t )		461016	2					
ANR	461133	MultiplicativeExpression	100 * sizeof ( wchar_t )		461016	0		*			
ANR	461134	PrimaryExpression	100		461016	0					
ANR	461135	SizeofExpression	sizeof ( wchar_t )		461016	1					
ANR	461136	Sizeof	sizeof		461016	0					
ANR	461137	SizeofOperand	wchar_t		461016	1					
ANR	461138	Statement	dest	45:8:1474:1477	461016	23	True				
ANR	461139	Statement	[	45:12:1478:1478	461016	24	True				
ANR	461140	Statement	100	45:13:1479:1481	461016	25	True				
ANR	461141	Statement	-	45:16:1482:1482	461016	26	True				
ANR	461142	Statement	1	45:17:1483:1483	461016	27	True				
ANR	461143	Statement	]	45:18:1484:1484	461016	28	True				
ANR	461144	Statement	=	45:20:1486:1486	461016	29	True				
ANR	461145	Statement	L	45:22:1488:1488	461016	30	True				
ANR	461146	ExpressionStatement	'\\0'	45:23:1489:1493	461016	31	True				
ANR	461147	PrimaryExpression	'\\0'		461016	0					
ANR	461148	ExpressionStatement	printWLine ( dest )	46:8:1504:1520	461016	32	True				
ANR	461149	CallExpression	printWLine ( dest )		461016	0					
ANR	461150	Callee	printWLine		461016	0					
ANR	461151	Identifier	printWLine		461016	0					
ANR	461152	ArgumentList	dest		461016	1					
ANR	461153	Argument	dest		461016	0					
ANR	461154	Identifier	dest		461016	0					
ANR	461155	ReturnType	void		461016	1					
ANR	461156	Identifier	CWE127_Buffer_Underread__malloc_wchar_t_memcpy_13_bad		461016	2					
ANR	461157	ParameterList			461016	3					
ANR	461158	CFGEntryNode	ENTRY		461016		True				
ANR	461159	CFGExitNode	EXIT		461016		True				
ANR	461160	Symbol	malloc		461016						
ANR	461161	Symbol	GLOBAL_CONST_FIVE		461016						
ANR	461162	Symbol	NULL		461016						
ANR	461163	Symbol	data		461016						
ANR	461164	Symbol	dataBuffer		461016						
ANR	461165	Symbol	dest		461016						
ANR	461166	Function	goodG2B1	57:0:1834:2970							
ANR	461167	FunctionDef	goodG2B1 ()		461166	0					
ANR	461168	CompoundStatement		58:0:1858:2970	461166	0					
ANR	461169	IdentifierDeclStatement	wchar_t * data ;	59:4:1865:1879	461166	0	True				
ANR	461170	IdentifierDecl	* data		461166	0					
ANR	461171	IdentifierDeclType	wchar_t *		461166	0					
ANR	461172	Identifier	data		461166	1					
ANR	461173	ExpressionStatement	data = NULL	60:4:1886:1897	461166	1	True				
ANR	461174	AssignmentExpression	data = NULL		461166	0		=			
ANR	461175	Identifier	data		461166	0					
ANR	461176	Identifier	NULL		461166	1					
ANR	461177	IfStatement	if ( GLOBAL_CONST_FIVE != 5 )		461166	2					
ANR	461178	Condition	GLOBAL_CONST_FIVE != 5	61:7:1907:1926	461166	0	True				
ANR	461179	EqualityExpression	GLOBAL_CONST_FIVE != 5		461166	0		!=			
ANR	461180	Identifier	GLOBAL_CONST_FIVE		461166	0					
ANR	461181	PrimaryExpression	5		461166	1					
ANR	461182	CompoundStatement		5:4:75:75	461166	1					
ANR	461183	ExpressionStatement	"printLine ( ""Benign, fixed string"" )"	64:8:2021:2054	461166	0	True				
ANR	461184	CallExpression	"printLine ( ""Benign, fixed string"" )"		461166	0					
ANR	461185	Callee	printLine		461166	0					
ANR	461186	Identifier	printLine		461166	0					
ANR	461187	ArgumentList	"""Benign, fixed string"""		461166	1					
ANR	461188	Argument	"""Benign, fixed string"""		461166	0					
ANR	461189	PrimaryExpression	"""Benign, fixed string"""		461166	0					
ANR	461190	ElseStatement	else		461166	0					
ANR	461191	CompoundStatement		10:4:219:219	461166	0					
ANR	461192	CompoundStatement		12:12:245:306	461166	0					
ANR	461193	IdentifierDeclStatement	wchar_t * dataBuffer = ( wchar_t * ) malloc ( 100 * sizeof ( wchar_t ) ) ;	69:12:2104:2165	461166	0	True				
ANR	461194	IdentifierDecl	* dataBuffer = ( wchar_t * ) malloc ( 100 * sizeof ( wchar_t ) )		461166	0					
ANR	461195	IdentifierDeclType	wchar_t *		461166	0					
ANR	461196	Identifier	dataBuffer		461166	1					
ANR	461197	AssignmentExpression	* dataBuffer = ( wchar_t * ) malloc ( 100 * sizeof ( wchar_t ) )		461166	2		=			
ANR	461198	Identifier	dataBuffer		461166	0					
ANR	461199	CastExpression	( wchar_t * ) malloc ( 100 * sizeof ( wchar_t ) )		461166	1					
ANR	461200	CastTarget	wchar_t *		461166	0					
ANR	461201	CallExpression	malloc ( 100 * sizeof ( wchar_t ) )		461166	1					
ANR	461202	Callee	malloc		461166	0					
ANR	461203	Identifier	malloc		461166	0					
ANR	461204	ArgumentList	100 * sizeof ( wchar_t )		461166	1					
ANR	461205	Argument	100 * sizeof ( wchar_t )		461166	0					
ANR	461206	MultiplicativeExpression	100 * sizeof ( wchar_t )		461166	0		*			
ANR	461207	PrimaryExpression	100		461166	0					
ANR	461208	SizeofExpression	sizeof ( wchar_t )		461166	1					
ANR	461209	Sizeof	sizeof		461166	0					
ANR	461210	SizeofOperand	wchar_t		461166	1					
ANR	461211	IfStatement	if ( dataBuffer == NULL )		461166	1					
ANR	461212	Condition	dataBuffer == NULL	70:16:2184:2201	461166	0	True				
ANR	461213	EqualityExpression	dataBuffer == NULL		461166	0		==			
ANR	461214	Identifier	dataBuffer		461166	0					
ANR	461215	Identifier	NULL		461166	1					
ANR	461216	CompoundStatement		13:36:345:345	461166	1					
ANR	461217	ExpressionStatement	exit ( - 1 )	70:37:2205:2213	461166	0	True				
ANR	461218	CallExpression	exit ( - 1 )		461166	0					
ANR	461219	Callee	exit		461166	0					
ANR	461220	Identifier	exit		461166	0					
ANR	461221	ArgumentList	- 1		461166	1					
ANR	461222	Argument	- 1		461166	0					
ANR	461223	UnaryOperationExpression	- 1		461166	0					
ANR	461224	UnaryOperator	-		461166	0					
ANR	461225	PrimaryExpression	1		461166	1					
ANR	461226	Statement	wmemset	71:12:2228:2234	461166	2	True				
ANR	461227	Statement	(	71:19:2235:2235	461166	3	True				
ANR	461228	Statement	dataBuffer	71:20:2236:2245	461166	4	True				
ANR	461229	Statement	","	71:30:2246:2246	461166	5	True				
ANR	461230	Statement	L	71:32:2248:2248	461166	6	True				
ANR	461231	Statement	'A'	71:33:2249:2251	461166	7	True				
ANR	461232	Statement	","	71:36:2252:2252	461166	8	True				
ANR	461233	Statement	100	71:38:2254:2256	461166	9	True				
ANR	461234	Statement	-	71:41:2257:2257	461166	10	True				
ANR	461235	Statement	1	71:42:2258:2258	461166	11	True				
ANR	461236	Statement	)	71:43:2259:2259	461166	12	True				
ANR	461237	ExpressionStatement		71:44:2260:2260	461166	13	True				
ANR	461238	Statement	dataBuffer	72:12:2275:2284	461166	14	True				
ANR	461239	Statement	[	72:22:2285:2285	461166	15	True				
ANR	461240	Statement	100	72:23:2286:2288	461166	16	True				
ANR	461241	Statement	-	72:26:2289:2289	461166	17	True				
ANR	461242	Statement	1	72:27:2290:2290	461166	18	True				
ANR	461243	Statement	]	72:28:2291:2291	461166	19	True				
ANR	461244	Statement	=	72:30:2293:2293	461166	20	True				
ANR	461245	Statement	L	72:32:2295:2295	461166	21	True				
ANR	461246	ExpressionStatement	'\\0'	72:33:2296:2300	461166	22	True				
ANR	461247	PrimaryExpression	'\\0'		461166	0					
ANR	461248	ExpressionStatement	data = dataBuffer	74:12:2387:2404	461166	23	True				
ANR	461249	AssignmentExpression	data = dataBuffer		461166	0		=			
ANR	461250	Identifier	data		461166	0					
ANR	461251	Identifier	dataBuffer		461166	1					
ANR	461252	CompoundStatement		21:8:581:598	461166	3					
ANR	461253	IdentifierDeclStatement	wchar_t dest [ 100 ] ;	78:8:2440:2457	461166	0	True				
ANR	461254	IdentifierDecl	dest [ 100 ]		461166	0					
ANR	461255	IdentifierDeclType	wchar_t [ 100 ]		461166	0					
ANR	461256	Identifier	dest		461166	1					
ANR	461257	PrimaryExpression	100		461166	2					
ANR	461258	Statement	wmemset	79:8:2468:2474	461166	1	True				
ANR	461259	Statement	(	79:15:2475:2475	461166	2	True				
ANR	461260	Statement	dest	79:16:2476:2479	461166	3	True				
ANR	461261	Statement	","	79:20:2480:2480	461166	4	True				
ANR	461262	Statement	L	79:22:2482:2482	461166	5	True				
ANR	461263	Statement	'C'	79:23:2483:2485	461166	6	True				
ANR	461264	Statement	","	79:26:2486:2486	461166	7	True				
ANR	461265	Statement	100	79:28:2488:2490	461166	8	True				
ANR	461266	Statement	-	79:31:2491:2491	461166	9	True				
ANR	461267	Statement	1	79:32:2492:2492	461166	10	True				
ANR	461268	Statement	)	79:33:2493:2493	461166	11	True				
ANR	461269	ExpressionStatement		79:34:2494:2494	461166	12	True				
ANR	461270	Statement	dest	80:8:2526:2529	461166	13	True				
ANR	461271	Statement	[	80:12:2530:2530	461166	14	True				
ANR	461272	Statement	100	80:13:2531:2533	461166	15	True				
ANR	461273	Statement	-	80:16:2534:2534	461166	16	True				
ANR	461274	Statement	1	80:17:2535:2535	461166	17	True				
ANR	461275	Statement	]	80:18:2536:2536	461166	18	True				
ANR	461276	Statement	=	80:20:2538:2538	461166	19	True				
ANR	461277	Statement	L	80:22:2540:2540	461166	20	True				
ANR	461278	ExpressionStatement	'\\0'	80:23:2541:2545	461166	21	True				
ANR	461279	PrimaryExpression	'\\0'		461166	0					
ANR	461280	ExpressionStatement	"memcpy ( dest , data , 100 * sizeof ( wchar_t ) )"	82:8:2678:2717	461166	22	True				
ANR	461281	CallExpression	"memcpy ( dest , data , 100 * sizeof ( wchar_t ) )"		461166	0					
ANR	461282	Callee	memcpy		461166	0					
ANR	461283	Identifier	memcpy		461166	0					
ANR	461284	ArgumentList	dest		461166	1					
ANR	461285	Argument	dest		461166	0					
ANR	461286	Identifier	dest		461166	0					
ANR	461287	Argument	data		461166	1					
ANR	461288	Identifier	data		461166	0					
ANR	461289	Argument	100 * sizeof ( wchar_t )		461166	2					
ANR	461290	MultiplicativeExpression	100 * sizeof ( wchar_t )		461166	0		*			
ANR	461291	PrimaryExpression	100		461166	0					
ANR	461292	SizeofExpression	sizeof ( wchar_t )		461166	1					
ANR	461293	Sizeof	sizeof		461166	0					
ANR	461294	SizeofOperand	wchar_t		461166	1					
ANR	461295	Statement	dest	84:8:2767:2770	461166	23	True				
ANR	461296	Statement	[	84:12:2771:2771	461166	24	True				
ANR	461297	Statement	100	84:13:2772:2774	461166	25	True				
ANR	461298	Statement	-	84:16:2775:2775	461166	26	True				
ANR	461299	Statement	1	84:17:2776:2776	461166	27	True				
ANR	461300	Statement	]	84:18:2777:2777	461166	28	True				
ANR	461301	Statement	=	84:20:2779:2779	461166	29	True				
ANR	461302	Statement	L	84:22:2781:2781	461166	30	True				
ANR	461303	ExpressionStatement	'\\0'	84:23:2782:2786	461166	31	True				
ANR	461304	PrimaryExpression	'\\0'		461166	0					
ANR	461305	ExpressionStatement	printWLine ( dest )	85:8:2797:2813	461166	32	True				
ANR	461306	CallExpression	printWLine ( dest )		461166	0					
ANR	461307	Callee	printWLine		461166	0					
ANR	461308	Identifier	printWLine		461166	0					
ANR	461309	ArgumentList	dest		461166	1					
ANR	461310	Argument	dest		461166	0					
ANR	461311	Identifier	dest		461166	0					
ANR	461312	ReturnType	static void		461166	1					
ANR	461313	Identifier	goodG2B1		461166	2					
ANR	461314	ParameterList			461166	3					
ANR	461315	CFGEntryNode	ENTRY		461166		True				
ANR	461316	CFGExitNode	EXIT		461166		True				
ANR	461317	Symbol	malloc		461166						
ANR	461318	Symbol	GLOBAL_CONST_FIVE		461166						
ANR	461319	Symbol	NULL		461166						
ANR	461320	Symbol	data		461166						
ANR	461321	Symbol	dataBuffer		461166						
ANR	461322	Symbol	dest		461166						
ANR	461323	Function	goodG2B2	92:0:3066:4058							
ANR	461324	FunctionDef	goodG2B2 ()		461323	0					
ANR	461325	CompoundStatement		93:0:3090:4058	461323	0					
ANR	461326	IdentifierDeclStatement	wchar_t * data ;	94:4:3097:3111	461323	0	True				
ANR	461327	IdentifierDecl	* data		461323	0					
ANR	461328	IdentifierDeclType	wchar_t *		461323	0					
ANR	461329	Identifier	data		461323	1					
ANR	461330	ExpressionStatement	data = NULL	95:4:3118:3129	461323	1	True				
ANR	461331	AssignmentExpression	data = NULL		461323	0		=			
ANR	461332	Identifier	data		461323	0					
ANR	461333	Identifier	NULL		461323	1					
ANR	461334	IfStatement	if ( GLOBAL_CONST_FIVE == 5 )		461323	2					
ANR	461335	Condition	GLOBAL_CONST_FIVE == 5	96:7:3139:3158	461323	0	True				
ANR	461336	EqualityExpression	GLOBAL_CONST_FIVE == 5		461323	0		==			
ANR	461337	Identifier	GLOBAL_CONST_FIVE		461323	0					
ANR	461338	PrimaryExpression	5		461323	1					
ANR	461339	CompoundStatement		5:4:75:75	461323	1					
ANR	461340	CompoundStatement		7:12:101:162	461323	0					
ANR	461341	IdentifierDeclStatement	wchar_t * dataBuffer = ( wchar_t * ) malloc ( 100 * sizeof ( wchar_t ) ) ;	99:12:3192:3253	461323	0	True				
ANR	461342	IdentifierDecl	* dataBuffer = ( wchar_t * ) malloc ( 100 * sizeof ( wchar_t ) )		461323	0					
ANR	461343	IdentifierDeclType	wchar_t *		461323	0					
ANR	461344	Identifier	dataBuffer		461323	1					
ANR	461345	AssignmentExpression	* dataBuffer = ( wchar_t * ) malloc ( 100 * sizeof ( wchar_t ) )		461323	2		=			
ANR	461346	Identifier	dataBuffer		461323	0					
ANR	461347	CastExpression	( wchar_t * ) malloc ( 100 * sizeof ( wchar_t ) )		461323	1					
ANR	461348	CastTarget	wchar_t *		461323	0					
ANR	461349	CallExpression	malloc ( 100 * sizeof ( wchar_t ) )		461323	1					
ANR	461350	Callee	malloc		461323	0					
ANR	461351	Identifier	malloc		461323	0					
ANR	461352	ArgumentList	100 * sizeof ( wchar_t )		461323	1					
ANR	461353	Argument	100 * sizeof ( wchar_t )		461323	0					
ANR	461354	MultiplicativeExpression	100 * sizeof ( wchar_t )		461323	0		*			
ANR	461355	PrimaryExpression	100		461323	0					
ANR	461356	SizeofExpression	sizeof ( wchar_t )		461323	1					
ANR	461357	Sizeof	sizeof		461323	0					
ANR	461358	SizeofOperand	wchar_t		461323	1					
ANR	461359	IfStatement	if ( dataBuffer == NULL )		461323	1					
ANR	461360	Condition	dataBuffer == NULL	100:16:3272:3289	461323	0	True				
ANR	461361	EqualityExpression	dataBuffer == NULL		461323	0		==			
ANR	461362	Identifier	dataBuffer		461323	0					
ANR	461363	Identifier	NULL		461323	1					
ANR	461364	CompoundStatement		8:36:201:201	461323	1					
ANR	461365	ExpressionStatement	exit ( - 1 )	100:37:3293:3301	461323	0	True				
ANR	461366	CallExpression	exit ( - 1 )		461323	0					
ANR	461367	Callee	exit		461323	0					
ANR	461368	Identifier	exit		461323	0					
ANR	461369	ArgumentList	- 1		461323	1					
ANR	461370	Argument	- 1		461323	0					
ANR	461371	UnaryOperationExpression	- 1		461323	0					
ANR	461372	UnaryOperator	-		461323	0					
ANR	461373	PrimaryExpression	1		461323	1					
ANR	461374	Statement	wmemset	101:12:3316:3322	461323	2	True				
ANR	461375	Statement	(	101:19:3323:3323	461323	3	True				
ANR	461376	Statement	dataBuffer	101:20:3324:3333	461323	4	True				
ANR	461377	Statement	","	101:30:3334:3334	461323	5	True				
ANR	461378	Statement	L	101:32:3336:3336	461323	6	True				
ANR	461379	Statement	'A'	101:33:3337:3339	461323	7	True				
ANR	461380	Statement	","	101:36:3340:3340	461323	8	True				
ANR	461381	Statement	100	101:38:3342:3344	461323	9	True				
ANR	461382	Statement	-	101:41:3345:3345	461323	10	True				
ANR	461383	Statement	1	101:42:3346:3346	461323	11	True				
ANR	461384	Statement	)	101:43:3347:3347	461323	12	True				
ANR	461385	ExpressionStatement		101:44:3348:3348	461323	13	True				
ANR	461386	Statement	dataBuffer	102:12:3363:3372	461323	14	True				
ANR	461387	Statement	[	102:22:3373:3373	461323	15	True				
ANR	461388	Statement	100	102:23:3374:3376	461323	16	True				
ANR	461389	Statement	-	102:26:3377:3377	461323	17	True				
ANR	461390	Statement	1	102:27:3378:3378	461323	18	True				
ANR	461391	Statement	]	102:28:3379:3379	461323	19	True				
ANR	461392	Statement	=	102:30:3381:3381	461323	20	True				
ANR	461393	Statement	L	102:32:3383:3383	461323	21	True				
ANR	461394	ExpressionStatement	'\\0'	102:33:3384:3388	461323	22	True				
ANR	461395	PrimaryExpression	'\\0'		461323	0					
ANR	461396	ExpressionStatement	data = dataBuffer	104:12:3475:3492	461323	23	True				
ANR	461397	AssignmentExpression	data = dataBuffer		461323	0		=			
ANR	461398	Identifier	data		461323	0					
ANR	461399	Identifier	dataBuffer		461323	1					
ANR	461400	CompoundStatement		16:8:437:454	461323	3					
ANR	461401	IdentifierDeclStatement	wchar_t dest [ 100 ] ;	108:8:3528:3545	461323	0	True				
ANR	461402	IdentifierDecl	dest [ 100 ]		461323	0					
ANR	461403	IdentifierDeclType	wchar_t [ 100 ]		461323	0					
ANR	461404	Identifier	dest		461323	1					
ANR	461405	PrimaryExpression	100		461323	2					
ANR	461406	Statement	wmemset	109:8:3556:3562	461323	1	True				
ANR	461407	Statement	(	109:15:3563:3563	461323	2	True				
ANR	461408	Statement	dest	109:16:3564:3567	461323	3	True				
ANR	461409	Statement	","	109:20:3568:3568	461323	4	True				
ANR	461410	Statement	L	109:22:3570:3570	461323	5	True				
ANR	461411	Statement	'C'	109:23:3571:3573	461323	6	True				
ANR	461412	Statement	","	109:26:3574:3574	461323	7	True				
ANR	461413	Statement	100	109:28:3576:3578	461323	8	True				
ANR	461414	Statement	-	109:31:3579:3579	461323	9	True				
ANR	461415	Statement	1	109:32:3580:3580	461323	10	True				
ANR	461416	Statement	)	109:33:3581:3581	461323	11	True				
ANR	461417	ExpressionStatement		109:34:3582:3582	461323	12	True				
ANR	461418	Statement	dest	110:8:3614:3617	461323	13	True				
ANR	461419	Statement	[	110:12:3618:3618	461323	14	True				
ANR	461420	Statement	100	110:13:3619:3621	461323	15	True				
ANR	461421	Statement	-	110:16:3622:3622	461323	16	True				
ANR	461422	Statement	1	110:17:3623:3623	461323	17	True				
ANR	461423	Statement	]	110:18:3624:3624	461323	18	True				
ANR	461424	Statement	=	110:20:3626:3626	461323	19	True				
ANR	461425	Statement	L	110:22:3628:3628	461323	20	True				
ANR	461426	ExpressionStatement	'\\0'	110:23:3629:3633	461323	21	True				
ANR	461427	PrimaryExpression	'\\0'		461323	0					
ANR	461428	ExpressionStatement	"memcpy ( dest , data , 100 * sizeof ( wchar_t ) )"	112:8:3766:3805	461323	22	True				
ANR	461429	CallExpression	"memcpy ( dest , data , 100 * sizeof ( wchar_t ) )"		461323	0					
ANR	461430	Callee	memcpy		461323	0					
ANR	461431	Identifier	memcpy		461323	0					
ANR	461432	ArgumentList	dest		461323	1					
ANR	461433	Argument	dest		461323	0					
ANR	461434	Identifier	dest		461323	0					
ANR	461435	Argument	data		461323	1					
ANR	461436	Identifier	data		461323	0					
ANR	461437	Argument	100 * sizeof ( wchar_t )		461323	2					
ANR	461438	MultiplicativeExpression	100 * sizeof ( wchar_t )		461323	0		*			
ANR	461439	PrimaryExpression	100		461323	0					
ANR	461440	SizeofExpression	sizeof ( wchar_t )		461323	1					
ANR	461441	Sizeof	sizeof		461323	0					
ANR	461442	SizeofOperand	wchar_t		461323	1					
ANR	461443	Statement	dest	114:8:3855:3858	461323	23	True				
ANR	461444	Statement	[	114:12:3859:3859	461323	24	True				
ANR	461445	Statement	100	114:13:3860:3862	461323	25	True				
ANR	461446	Statement	-	114:16:3863:3863	461323	26	True				
ANR	461447	Statement	1	114:17:3864:3864	461323	27	True				
ANR	461448	Statement	]	114:18:3865:3865	461323	28	True				
ANR	461449	Statement	=	114:20:3867:3867	461323	29	True				
ANR	461450	Statement	L	114:22:3869:3869	461323	30	True				
ANR	461451	ExpressionStatement	'\\0'	114:23:3870:3874	461323	31	True				
ANR	461452	PrimaryExpression	'\\0'		461323	0					
ANR	461453	ExpressionStatement	printWLine ( dest )	115:8:3885:3901	461323	32	True				
ANR	461454	CallExpression	printWLine ( dest )		461323	0					
ANR	461455	Callee	printWLine		461323	0					
ANR	461456	Identifier	printWLine		461323	0					
ANR	461457	ArgumentList	dest		461323	1					
ANR	461458	Argument	dest		461323	0					
ANR	461459	Identifier	dest		461323	0					
ANR	461460	ReturnType	static void		461323	1					
ANR	461461	Identifier	goodG2B2		461323	2					
ANR	461462	ParameterList			461323	3					
ANR	461463	CFGEntryNode	ENTRY		461323		True				
ANR	461464	CFGExitNode	EXIT		461323		True				
ANR	461465	Symbol	malloc		461323						
ANR	461466	Symbol	GLOBAL_CONST_FIVE		461323						
ANR	461467	Symbol	NULL		461323						
ANR	461468	Symbol	data		461323						
ANR	461469	Symbol	dataBuffer		461323						
ANR	461470	Symbol	dest		461323						
ANR	461471	Function	CWE127_Buffer_Underread__malloc_wchar_t_memcpy_13_good	121:0:4063:4163							
ANR	461472	FunctionDef	CWE127_Buffer_Underread__malloc_wchar_t_memcpy_13_good ()		461471	0					
ANR	461473	CompoundStatement		122:0:4126:4163	461471	0					
ANR	461474	ExpressionStatement	goodG2B1 ( )	123:4:4133:4143	461471	0	True				
ANR	461475	CallExpression	goodG2B1 ( )		461471	0					
ANR	461476	Callee	goodG2B1		461471	0					
ANR	461477	Identifier	goodG2B1		461471	0					
ANR	461478	ArgumentList			461471	1					
ANR	461479	ExpressionStatement	goodG2B2 ( )	124:4:4150:4160	461471	1	True				
ANR	461480	CallExpression	goodG2B2 ( )		461471	0					
ANR	461481	Callee	goodG2B2		461471	0					
ANR	461482	Identifier	goodG2B2		461471	0					
ANR	461483	ArgumentList			461471	1					
ANR	461484	ReturnType	void		461471	1					
ANR	461485	Identifier	CWE127_Buffer_Underread__malloc_wchar_t_memcpy_13_good		461471	2					
ANR	461486	ParameterList			461471	3					
ANR	461487	CFGEntryNode	ENTRY		461471		True				
ANR	461488	CFGExitNode	EXIT		461471		True				
ANR	461489	Function	main	137:0:4512:4975							
ANR	461490	FunctionDef	"main (int argc , char * argv [ ])"		461489	0					
ANR	461491	CompoundStatement		138:0:4547:4975	461489	0					
ANR	461492	ExpressionStatement	srand ( ( unsigned ) time ( NULL ) )	140:4:4581:4610	461489	0	True				
ANR	461493	CallExpression	srand ( ( unsigned ) time ( NULL ) )		461489	0					
ANR	461494	Callee	srand		461489	0					
ANR	461495	Identifier	srand		461489	0					
ANR	461496	ArgumentList	( unsigned ) time ( NULL )		461489	1					
ANR	461497	Argument	( unsigned ) time ( NULL )		461489	0					
ANR	461498	CastExpression	( unsigned ) time ( NULL )		461489	0					
ANR	461499	CastTarget	unsigned		461489	0					
ANR	461500	CallExpression	time ( NULL )		461489	1					
ANR	461501	Callee	time		461489	0					
ANR	461502	Identifier	time		461489	0					
ANR	461503	ArgumentList	NULL		461489	1					
ANR	461504	Argument	NULL		461489	0					
ANR	461505	Identifier	NULL		461489	0					
ANR	461506	ExpressionStatement	"printLine ( ""Calling good()..."" )"	142:4:4635:4665	461489	1	True				
ANR	461507	CallExpression	"printLine ( ""Calling good()..."" )"		461489	0					
ANR	461508	Callee	printLine		461489	0					
ANR	461509	Identifier	printLine		461489	0					
ANR	461510	ArgumentList	"""Calling good()..."""		461489	1					
ANR	461511	Argument	"""Calling good()..."""		461489	0					
ANR	461512	PrimaryExpression	"""Calling good()..."""		461489	0					
ANR	461513	ExpressionStatement	CWE127_Buffer_Underread__malloc_wchar_t_memcpy_13_good ( )	143:4:4672:4728	461489	2	True				
ANR	461514	CallExpression	CWE127_Buffer_Underread__malloc_wchar_t_memcpy_13_good ( )		461489	0					
ANR	461515	Callee	CWE127_Buffer_Underread__malloc_wchar_t_memcpy_13_good		461489	0					
ANR	461516	Identifier	CWE127_Buffer_Underread__malloc_wchar_t_memcpy_13_good		461489	0					
ANR	461517	ArgumentList			461489	1					
ANR	461518	ExpressionStatement	"printLine ( ""Finished good()"" )"	144:4:4735:4763	461489	3	True				
ANR	461519	CallExpression	"printLine ( ""Finished good()"" )"		461489	0					
ANR	461520	Callee	printLine		461489	0					
ANR	461521	Identifier	printLine		461489	0					
ANR	461522	ArgumentList	"""Finished good()"""		461489	1					
ANR	461523	Argument	"""Finished good()"""		461489	0					
ANR	461524	PrimaryExpression	"""Finished good()"""		461489	0					
ANR	461525	ExpressionStatement	"printLine ( ""Calling bad()..."" )"	147:4:4810:4839	461489	4	True				
ANR	461526	CallExpression	"printLine ( ""Calling bad()..."" )"		461489	0					
ANR	461527	Callee	printLine		461489	0					
ANR	461528	Identifier	printLine		461489	0					
ANR	461529	ArgumentList	"""Calling bad()..."""		461489	1					
ANR	461530	Argument	"""Calling bad()..."""		461489	0					
ANR	461531	PrimaryExpression	"""Calling bad()..."""		461489	0					
ANR	461532	ExpressionStatement	CWE127_Buffer_Underread__malloc_wchar_t_memcpy_13_bad ( )	148:4:4846:4901	461489	5	True				
ANR	461533	CallExpression	CWE127_Buffer_Underread__malloc_wchar_t_memcpy_13_bad ( )		461489	0					
ANR	461534	Callee	CWE127_Buffer_Underread__malloc_wchar_t_memcpy_13_bad		461489	0					
ANR	461535	Identifier	CWE127_Buffer_Underread__malloc_wchar_t_memcpy_13_bad		461489	0					
ANR	461536	ArgumentList			461489	1					
ANR	461537	ExpressionStatement	"printLine ( ""Finished bad()"" )"	149:4:4908:4935	461489	6	True				
ANR	461538	CallExpression	"printLine ( ""Finished bad()"" )"		461489	0					
ANR	461539	Callee	printLine		461489	0					
ANR	461540	Identifier	printLine		461489	0					
ANR	461541	ArgumentList	"""Finished bad()"""		461489	1					
ANR	461542	Argument	"""Finished bad()"""		461489	0					
ANR	461543	PrimaryExpression	"""Finished bad()"""		461489	0					
ANR	461544	ReturnStatement	return 0 ;	151:4:4964:4972	461489	7	True				
ANR	461545	PrimaryExpression	0		461489	0					
ANR	461546	ReturnType	int		461489	1					
ANR	461547	Identifier	main		461489	2					
ANR	461548	ParameterList	"int argc , char * argv [ ]"		461489	3					
ANR	461549	Parameter	int argc	137:9:4521:4528	461489	0	True				
ANR	461550	ParameterType	int		461489	0					
ANR	461551	Identifier	argc		461489	1					
ANR	461552	Parameter	char * argv [ ]	137:19:4531:4543	461489	1	True				
ANR	461553	ParameterType	char * [ ]		461489	0					
ANR	461554	Identifier	argv		461489	1					
ANR	461555	CFGEntryNode	ENTRY		461489		True				
ANR	461556	CFGExitNode	EXIT		461489		True				
ANR	461557	Symbol	argc		461489						
ANR	461558	Symbol	NULL		461489						
ANR	461559	Symbol	time		461489						
ANR	461560	Symbol	argv		461489						
